{
  "max_depth": 3,
  "min_child_weight": 5,
  "learning_rate": 0.023050076661539402,
  "n_estimators": 400,
  "subsample": 0.9638702091632912,
  "colsample_bytree": 0.9995549903628695,
  "reg_alpha": 8.058360986958881e-06,
  "reg_lambda": 4.7013902514429927e-07,
  "gamma": 0.06806014919461083,
  "objective": "reg:squarederror",
  "random_state": 42,
  "eval_metric": "rmse"
}