{
  "max_depth": 6,
  "min_child_weight": 3,
  "learning_rate": 0.08012737503998542,
  "n_estimators": 100,
  "subsample": 0.7168578594140873,
  "colsample_bytree": 0.7465447373174767,
  "reg_alpha": 0.00012724181576752517,
  "reg_lambda": 0.1165691561324743,
  "gamma": 6.267062696005991e-07,
  "objective": "reg:squarederror",
  "random_state": 42,
  "eval_metric": "rmse"
}