feature,importance
acousticness,0.13313892
instrumentalness,0.121871226
valence,0.11965136
danceability,0.11626334
energy,0.10970889
speechiness,0.10642829
loudness,0.10057691
tempo,0.10043073
liveness,0.09193034
