feature,importance
energy,0.4231918
danceability,0.3018071
valence,0.18692811
release_year,0.016098734
duration_min,0.015821291
tempo,0.015140917
instrumentalness,0.014442218
loudness,0.014352726
acousticness,0.012217226
