feature,importance
valence,0.12174209
tempo,0.12115695
acousticness,0.12087152
instrumentalness,0.11737549
liveness,0.10882646
speechiness,0.10822892
loudness,0.10532865
energy,0.10197907
danceability,0.09449084
