{
  "model_type": "XGBoost Regressor",
  "target_variable": "popularity",
  "n_features": 9,
  "n_train_samples": 640,
  "n_test_samples": 200,
  "training_date": "2025-11-14T10:49:58.993320",
  "hyperparameters": {
    "max_depth": 3,
    "min_child_weight": 5,
    "learning_rate": 0.023050076661539402,
    "n_estimators": 400,
    "subsample": 0.9638702091632912,
    "colsample_bytree": 0.9995549903628695,
    "reg_alpha": 8.058360986958881e-06,
    "reg_lambda": 4.7013902514429927e-07,
    "gamma": 0.06806014919461083,
    "objective": "reg:squarederror",
    "random_state": 42,
    "eval_metric": "rmse"
  },
  "performance": {
    "train": {
      "rmse": 3.5415827709857735,
      "mae": 2.8185683177238987,
      "r2": 0.9392675267706858
    },
    "test": {
      "rmse": 5.744624109455652,
      "mae": 4.540265035329774,
      "r2": 0.8584462642293629
    }
  },
  "feature_names": [
    "danceability",
    "energy",
    "loudness",
    "acousticness",
    "tempo",
    "valence",
    "instrumentalness",
    "duration_min",
    "release_year"
  ]
}